{"5GREeQcGHt7na341Py6Y6Grr38KUYRvVoiFSiDB52Gt7VZiN":{},"5G37EjzukybyVa4r8muHbrZ1aTLnHxFBSP9ajCEPonwYCMJK":{},"5FLatVBwAAfjX7yKt2d1TGZWJFxNC9yAnRzxxyQbQQeRg6My":{"3USD":1.655868221647,"TAI":46.128322805868,"taiKSM":0.150154436423,"LKSM":1.441510087684,"KAR":11.532080701467},"5GSQjwf3pJ8vG9QtbQd8sf9U4G77VaUxwFfAPgpzwDnQiF9U":{},"5G6GoquGzEbyDWXx7A7Fvp1626MZQGmUnojNLek2UiVnYuSn":{"3USD":0.097595455057,"TAI":2.507784975584,"taiKSM":0.009404193658,"LKSM":0.078368280488,"KAR":0.626946243896},"5ENfodHPg8A1W27pwEXgGkxVApzrWcv9PV8Tfe6MVauce6bQ":{},"5DUN5o3DamMh5U5rwvbAaCaqChv83FMXmV7LPM2fzqnr2p5Y":{},"5Gru3MF8nF9W1gaZDgXq5QaKTAAT3WktTk1RU7t6Ca2UXshx":{"3USD":249.795409547356,"TAI":6857.614062269689,"taiKSM":25.716052733511,"LKSM":214.300439445927,"KAR":1714.403515567421},"5DvibJKhceQ8gk52hoQ4CTbMG1NNMUYPtvDWBhqKs2LVGdr5":{},"5HdZGjnnFse8vGeFh2S27xKHYxLvjvVuoK1879i2wyXSX8AF":{"3USD":2.755203988918,"TAI":133.398511787655,"taiKSM":0.500244419204,"LKSM":4.168703493364,"KAR":33.349627946914},"5DtkptGAdj7bLoXvTy7qNYc26sx5iggWHVLiojh3bKxMzfiJ":{"3USD":0.541364964446,"TAI":10.952648270599,"taiKSM":0.041072431015,"LKSM":0.342270258457,"KAR":2.738162067649},"5GFibG3LzKFJDLTfcNv9QA9UGENMojR9kMSgzcvKug3LLZGH":{},"5CfR43jK5FgBRnYijV1UaZJPBF3pSg9yTBJLrvUkhJeei6cn":{"3USD":0.456429987189,"TAI":22.098937599964,"taiKSM":0.082871016,"LKSM":0.690591799999,"KAR":5.524734399991},"5Hq41GACzMNR6qupzZdMPsnBFg4wSovv9qJuTZAN8aSwN44z":{"3USD":2.985892248039,"TAI":61.314476167971,"taiKSM":0.22992928563,"LKSM":1.916077380249,"KAR":15.328619041993},"5DLdMFBH4xPNUQ6VXVXcibhrv2wuuCaAQhnfebMiCzGX7QKk":{},"5GHhsChEguttmZxcwNuGy4UQzymkbVKzg1sdzdLu7Ubji6xF":{"3USD":0.208040211091,"TAI":10.072667818108,"taiKSM":0.037772504318,"LKSM":0.314770869316,"KAR":2.518166954527},"5D9ieEbJL9pavGApHs6wSAGnUbN1J5DZshoJ2skTBFg6Z7z4":{"3USD":75.291903174879,"TAI":1826.303479998869,"taiKSM":6.848638049996,"LKSM":57.071983749964,"KAR":456.575869999717},"5EtXZ798ZS9RtzhTbxbCoHYN2ZVdHK5Yzvo3qdQQas5XC3D9":{},"5CDpfudsfCWbFHRtGnYWaVxjX581gtTD9ZJoTYHkPXNJFTX3":{"3USD":2.083268160787,"TAI":38.985273623576,"taiKSM":0.146194776089,"LKSM":1.218289800738,"KAR":9.746318405895},"5CS7nMVEJegf7oR8aei6qAn9gSg671PqDjeynDvxhTHs5gxD":{"3USD":7.141099122749,"TAI":162.374393541631,"taiKSM":0.608903975781,"LKSM":5.074199798176,"KAR":40.593598385407},"5GHjUwXZtn4DgWRUPqbiEp1AYV4dg9TLFP3ZyzwPjm9NosF9":{},"5G7HmJ1T8QPwB617axKgCeiwCPk7WiqqB41KrhKV8fWy3Q8V":{"3USD":348.74418330791,"TAI":7582.970272850959,"taiKSM":28.436138523191,"LKSM":236.967821026591,"KAR":1895.742568212739},"5Exyar4kUgMtVgSNeeb1nzxQyyJuxmSFnjXHgAka1TneAmx6":{"3USD":75.503356085925,"TAI":1353.043476444802,"taiKSM":5.073913036667,"LKSM":42.2826086389,"KAR":338.2608691112},"5DWpX5RdYBwstMoMFdtrLhjVDfKhQGbhVACG43wBVjnoC2uT":{},"5EP3WQns43NRypgcqqb3sSXAugE73uExLXrtmzP4c9LEehyw":{"3USD":0.230913365141,"TAI":3.99597934919,"taiKSM":0.01498492256,"LKSM":0.124874354662,"KAR":0.998994837297},"5Ea6L5GjM2Xiykwyhf75Kc6JncNXKMvT6TDhTgkJA9JYApHk":{"3USD":0.366153127649,"TAI":6.873136796424,"taiKSM":0.025774262987,"LKSM":0.214785524888,"KAR":1.718284199107},"5D2atEVuNsCz5GJKDd9bVFEZtWp2vcvuC2uHves23FC4tMe2":{"3USD":0.039502282341,"TAI":1.912579140294,"taiKSM":0.007172171776,"LKSM":0.059768098134,"KAR":0.478144785073},"5Hm9WbxMuLb2oGqU699c7Nf1f1tkSpm2GRVYWg7NDThKjuNV":{},"5FUQqzctv4xisbDhrhwzWfJjezYhn5zXSmwHXYMn4Qs2Ezac":{},"5Cf9vyQBhhpycKH5eoRf7nCPsCicmZEnERUqzY1nff3RHiTq":{"3USD":0.009402982954,"TAI":0.243929778031,"taiKSM":0.000914736667,"LKSM":0.007622805563,"KAR":0.060982444508},"5HNpf9ydo2C2TFBS1frahQeNDVdG2QABGckGsBNKxPq44Mgb":{"3USD":0.000695895069,"TAI":0.033693101108,"taiKSM":0.000126349129,"LKSM":0.00105290941,"KAR":0.008423275277},"5CVURYA88iurYdjiSAAVZRYjYF8nep3e9HMBk7p5p8nwEjA1":{},"5FNhJGvys1dw8SB66YxnoiWXgJqNf1N1qZGa5Qgs8FcK5zPL":{},"5HT4wqVT1d8AHyciCSTYVsYE7XVMNBjqX5tCshaV95xAAQBi":{},"5DZRYpZFHZCZpKfPwtVHDbssUkdaMcNdtqGahramkZUFFrsP":{},"5GBo9tzSrigJXxboRRW7obT3KXr2cJWEZwzEryGCsqA6KqeM":{},"5DeyCtMXzWQfwdcBKGn84tepbfjdUL1NAB9gs8ADdHEt7Trw":{"3USD":32.133388118809,"TAI":664.893409472576,"taiKSM":2.493350285522,"LKSM":20.777919046018,"KAR":157.118076353193},"5G9Es892oATpPDnfGgGFS5McvYnjZpUVdVq9sfcwMVMTtNZC":{"3USD":68.084294514152,"TAI":1341.601916942789,"taiKSM":5.031007188536,"LKSM":41.925059904462,"KAR":335.400479235697},"5H8hArcS28RvxVdJXRaGdYz9mpZDR299uGMTiYFWzWxC5r4X":{},"5HYH1zVDPdszvwKUjDKs11HLgzFT1X6d4ho94BUmJTxqyDSw":{"3USD":66.860300739519,"TAI":1099.249324279853,"taiKSM":4.12218496605,"LKSM":34.351541383745,"KAR":274.812331069963},"5D4ejSKFAKvahck5LezMqrKEd3AqmhG3ATtE6Nehamy3WSkT":{"3USD":1.057068666652,"TAI":23.475835150122,"taiKSM":0.088034381813,"LKSM":0.73361984844,"KAR":5.868958787531},"5FRBAAMoPshaG4fJoXShYMBG4FdGneQi2DZgrsurWqaTr41i":{"3USD":9.725892482374,"TAI":174.738593710304,"taiKSM":0.655269726414,"LKSM":5.460581053447,"KAR":43.684648427575},"5Dw7MaPSgN2Qh9bB1G83Gv5mmQwBKD93K961AaaYsV9RM168":{},"5DV7Q26MNZDyJTmhKit4R4gA4fCTnSUDAm5gqCX1uicU9doR":{"3USD":2.205752252515,"TAI":49.01874254582,"taiKSM":0.183820284547,"LKSM":1.531835704557,"KAR":12.254685636457},"5GWQXH2Sw7fxhKiMuhBa44cxxy8j1NctCjDQiBdDAHcaw4P3":{"3USD":1.494043691332,"TAI":29.74334574806,"taiKSM":0.111537546555,"LKSM":0.929479554626,"KAR":7.435836437015},"5DnWLHUmR3BKnYN6vBPqHa2YcDsHoTgrFMtQPPhvvNr9xWhM":{"3USD":2.014764447371,"TAI":37.318156374774,"taiKSM":0.139943086406,"LKSM":1.166192386713,"KAR":9.329539093693},"5DRhJqRbyp6PQydU3PQTsYYT2FwhyPzZ8YKcqt2RdjerR8sP":{"3USD":29.322695182476,"TAI":607.295975916063,"taiKSM":2.277359909686,"LKSM":18.977999247376,"KAR":151.823993979016},"5EpyCMd4ANB222JTTZi5ctb9ADPSesXVJwCX6B6F916CJBbd":{},"5DWyxKtAUceSzjzqFr7PzyqDFB8U6i1bbgTsjYAmpNu6u1Vd":{"3USD":0.555823526835,"TAI":11.847167137725,"taiKSM":0.044426876767,"LKSM":0.370223973053,"KAR":2.961791784432},"5DkAfWMv63nT5UNLUNSBbchyjWuQ7ujetyKcMr929i8myBxq":{},"5FLXTXyMkRnGQLC4LrgtD22yMZP3mqrgqs6nSnoi62A6d8U6":{},"5Hor5gaoGwxmPZ4jwXuwLNPnQtUtKHLx8dENAcQJ5WoXGvgt":{},"5CPrZzBsYP8w3Fj58YoJQFE5bKaE5Gb5tf4EWubzM8LvPNcx":{"3USD":145.4974177388,"TAI":2700.857017592706,"taiKSM":10.128213815973,"LKSM":84.401781799771,"KAR":675.214254398176},"5Coiddko324JRzZpr7yKMEhXhhmEEZS1PL3bW3zuydiiyj1G":{},"5EFicbRUuWGorzQzkzCgFQtVYigPb2yrhQDAVJrF7mqRXEuD":{"3USD":83.205609517016,"TAI":1563.989585218558,"taiKSM":5.864960944569,"LKSM":48.87467453808,"KAR":390.997396304639},"5DJ6VEsn8wGU93upJbfQ2XvfY4QJkfsiBuTro8EmQg2F5gQt":{},"5CRjsjGHwcXea7QePdZYHUxcoqkjJnjLUwAAjuiHmP1ViWtp":{"3USD":7.581724250283,"TAI":160.621554534633,"taiKSM":0.602330829505,"LKSM":5.019423579207,"KAR":40.155388633658},"5Df86iGeKgZWNbF3ZSQuxLH2gT8rMP59QkZeuuxFmPFHL9dQ":{"3USD":4.193987080587,"TAI":77.218304644342,"taiKSM":0.289568642416,"LKSM":2.413072020136,"KAR":19.304576161086},"5FW1NXfD9G9NjFD9d2chnd1oEK2PaQ1rHPCam7zqpJCPesYv":{},"5G23AzUAickg7VTAuU7GKbnRn9MbVPe5bEAVTNEQLZfwtjXd":{"3USD":0.059863009266,"TAI":1.37281522064,"taiKSM":0.005148057078,"LKSM":0.042900475645,"KAR":0.34320380516},"5ESE8xBQvePbGKuCMPTgsyUetUqrqT2eyJcnQgG15nayUMsn":{},"5CJX5TSEokNNvgN23BKDLg5wPrC1hjmNb99hwndgEJK5x5jK":{"3USD":167.472431527507,"TAI":2850.429997521512,"taiKSM":10.689112490707,"LKSM":89.075937422546,"KAR":712.607499380379},"5EMjsd1DGwJ4H5hwqRYc9UELsJHpnV5FYHVp2HvC5wAj7Zv8":{},"5GeT7Aazhx5X1DWM2h1xm2ZQUy2WxrxnSnTFNRZTLbipKqcP":{},"5Hp6cLUGQVYdGMN9TaLhwiCNXdpYbw82pmKdrut8tLFTfsH2":{"3USD":1.902471155023,"TAI":34.230621617961,"taiKSM":0.128364831067,"LKSM":1.069706925561},"5H5zEN6MLFhbaz6WdnZfLvypN1J1BDyzfjevucDL8rc6xNnV":{},"5E2QsndStQ89zAzY9doUv2WvY9HjTpNJ9uC2AB8ZaznbWXNu":{"3USD":20.933313323386,"TAI":342.724803533763,"taiKSM":1.285218013251,"LKSM":10.71015011043,"KAR":85.681200883441},"5CCk57vH4CbSXybiUW92NvL1pmZqLRFu5nkFBgtZsAaBCMQ8":{"3USD":0.004753694541,"taiKSM":0.000345127155,"LKSM":0.00287605963,"KAR":0.023008477039},"5FCrLJ8JqGdPVPni6sa6av3xhHAB8hyobXxTQXZueSfnL5Wb":{},"5Cd1K9UM2vGkqpBeTqinwXiSXhdZNexe6qrzRZsqLK8RssE1":{"3USD":98.429745248013,"TAI":1756.331495177275,"taiKSM":6.586243106915,"LKSM":54.88535922429,"KAR":439.082873794319},