{"5FRBAAMoPshaG4fJoXShYMBG4FdGneQi2DZgrsurWqaTr41i":{"KAR":43.68464842,"3USD":9.725892482999999,"TAI":174.73859376000001,"taiKSM":0.6552697264,"LKSM":5.460581053},"5DnyS2Cbkbgs96KPcvdah6PHMghZ5zL9JjYF5YU9JJb8A8LY":{"3USD":3.67005656,"TAI":56.29116959,"taiKSM":0.211091886,"LKSM":1.75909905,"KAR":14.0727924},"5DjxYSSBYhbUyvaPkub5S2NQzCeJHuytwWzFNWvEztXGjHyz":{"3USD":0.6019201053,"TAI":9.882819754,"taiKSM":0.03706057408,"LKSM":0.30883811729,"KAR":2.4707049389},"5CS7nMVEJegf7oR8aei6qAn9gSg671PqDjeynDvxhTHs5gxD":{"3USD":7.1410991227,"TAI":162.37439354,"taiKSM":0.60890397576,"LKSM":5.074199798,"KAR":40.593598384},"5DV7Q26MNZDyJTmhKit4R4gA4fCTnSUDAm5gqCX1uicU9doR":{"KAR":12.254685637,"3USD":2.2057522526,"TAI":49.01874254,"taiKSM":0.18382028454,"LKSM":1.5318357046},"5G6GoquGzEbyDWXx7A7Fvp1626MZQGmUnojNLek2UiVnYuSn":{"3USD":0.09759545507,"TAI":2.5077849758,"taiKSM":0.009404193658,"LKSM":0.07836828049,"KAR":0.62694624393},"5Exyar4kUgMtVgSNeeb1nzxQyyJuxmSFnjXHgAka1TneAmx6":{"LKSM":38.09214504100001,"3USD":66.317056609,"TAI":1218.94864124,"taiKSM":4.5710574056,"KAR":249.66277323},"5Eqf2tkCeGL715hTHTi933BWeTqN1QrwAFXJfFqYjQtx2iA4":{"3USD":12.138927561,"TAI":170.86782717,"taiKSM":0.6407543517000001,"LKSM":5.339619599,"KAR":10.10546112},"5FNNXRQAJDyTZojrNRPuhq32RRCCppVRZ2ckQCJFV5Vgc9uG":{"3USD":0.08574245518,"TAI":1.690366106,"taiKSM":0.006338872896,"LKSM":0.0528239408,"KAR":0.4225915264},"5FUT3oPmttYxaEe8KbdXCwovvz7tSQHqmGzz968yGZtAcT8s":{"taiKSM":0.2040914116,"3USD":3.078807538,"TAI":54.42437643,"LKSM":1.700761764,"KAR":13.60609411},"5Cm9baRmyGiBSU4T6x16BeiPSXZgVnooTXr9fkJbFWxQY1LE":{"taiKSM":1.218718292,"LKSM":10.15598576,"3USD":27.03027365,"TAI":324.9915444},"5Hp6cLUGQVYdGMN9TaLhwiCNXdpYbw82pmKdrut8tLFTfsH2":{"3USD":1.902471155,"TAI":34.23062162,"taiKSM":0.1283648311,"LKSM":1.069706926},"5EP3WQns43NRypgcqqb3sSXAugE73uExLXrtmzP4c9LEehyw":{"3USD":0.230913365088,"TAI":3.9959793485099997,"taiKSM":0.01498492256,"LKSM":0.12487435467199999,"KAR":0.9989948372799999},"5DeyCtMXzWQfwdcBKGn84tepbfjdUL1NAB9gs8ADdHEt7Trw":{"3USD":32.133388124,"TAI":664.8934094599999,"taiKSM":2.4933502855,"LKSM":20.777919045999997,"KAR":157.11807635},"5DPNMAHaf1PV2cFGyFRCS3bmVyeEpoaVdDFw9sqp6hmpAJkg":{"3USD":1.964263195,"TAI":37.81277536,"taiKSM":0.1417979076,"LKSM":1.18164923},"5C5rWjRKfMExfmav864hS6aVXLG1183spgdUeQ7e1XuRMF2B":{"3USD":0.8463157470700001,"TAI":15.6576870629,"taiKSM":0.058716326482,"LKSM":0.489302720684,"KAR":3.9144217654699998},"5Ea6L5GjM2Xiykwyhf75Kc6JncNXKMvT6TDhTgkJA9JYApHk":{"3USD":0.36615312759999996,"TAI":6.873136796000001,"taiKSM":0.025774262992000002,"LKSM":0.21478552488000002,"KAR":1.7182841991000002},"5EErCfGUa8qgLPs4BaDXXXBG9msjoBBZCvjYCcuUQXkz2Kne":{"taiKSM":7.7695771566000005,"LKSM":64.746476298,"3USD":166.537652264,"TAI":2071.8872418,"KAR":28.21120471},"5HNdoz5P94bM7f6UeKQ8sYSQBbcsz7GrtZdps4mNkzkJzUXP":{"3USD":19.739788786,"TAI":339.5420453,"taiKSM":1.2732826698,"LKSM":10.610688914,"KAR":84.88551131},"5Gru3MF8nF9W1gaZDgXq5QaKTAAT3WktTk1RU7t6Ca2UXshx":{"taiKSM":25.71605273,"LKSM":214.30043945,"3USD":249.79540955,"TAI":6857.6140622,"KAR":606.2786277},"5FLatVBwAAfjX7yKt2d1TGZWJFxNC9yAnRzxxyQbQQeRg6My":{"3USD":1.6558682217,"TAI":46.12832281,"LKSM":1.4415100877,"KAR":11.532080702,"taiKSM":0.15015443641999998},"5DFT8448QfhnddLCRtb3s1uqWMnBijSV7EgdAkoVhfykhDPq":{"3USD":0.1196173083,"TAI":1.438187947,"LKSM":0.04494337336,"KAR":0.3595469869},"5HRSgFPpsS9exdMsUtf6dfBDMxEQ2P2TkfvCdmH8AKoh8jVf":{"3USD":0.4520381797,"TAI":8.113189866,"LKSM":0.25353718332,"KAR":2.0282974665,"taiKSM":0.021109507313},"5HQDgbc65Jw3injp4gACkaBwtJESxuz6fPEWWB9odAkJyRQe":{"3USD":0.1621219693,"TAI":1.949231809,"taiKSM":0.007309619284,"LKSM":0.06091349403,"KAR":0.4873079522},"5F4EaC3JuxjyU5Kk2rwj7iT5SQyivhMseMTRYuGxMPiKVEgF":{"3USD":0.2218810664,"TAI":4.000139015,"taiKSM":0.015000521303,"LKSM":0.12500434421,"KAR":1.0000347536},"5DJGK5mxseWXsQUwLiD7DE2PvhLdJjrmZuMqzkuUxNnThPki":{"3USD":0.12595637804,"TAI":1.983844865,"taiKSM":0.007439418243,"LKSM":0.06199515203,"KAR":0.4959612163},"5G6eEHnBbokT4WrugPQP7Zm1nnbCcqtEANaxKAjPwL4ZHjVM":{"3USD":0.0412237735,"taiKSM":0.002177499772,"LKSM":0.01814583144,"KAR":0.1451666515},"5Cd1K9UM2vGkqpBeTqinwXiSXhdZNexe6qrzRZsqLK8RssE1":{"3USD":98.42974525,"TAI":1756.3314952,"taiKSM":6.5862431076,"LKSM":54.885359218000005,"KAR":439.08287383},"5EWNs42A79pPN53rtSdFYPK9jzSuiD1zMKYfisDhipBzsoVo":{"3USD":0.2821417718,"TAI":3.392259041,"taiKSM":0.0127209714,"LKSM":0.106008095,"KAR":0.8480647602},"5DiD5n6Kc4wQQpMAz2pSC4y9Ect8QgKMuKh1biQDwr3pt4iA":{"3USD":10.676194978,"TAI":191.61967749000002,"taiKSM":0.7185737905999999,"LKSM":5.988114922,"KAR":47.90491937},"5CJX5TSEokNNvgN23BKDLg5wPrC1hjmNb99hwndgEJK5x5jK":{"3USD":167.47243154,"TAI":2850.4299975,"taiKSM":10.689112491,"LKSM":89.07593742,"KAR":712.6074994},"5GHtirraLbXNnFMyRrMFY1MfJHpPqZaaNw89n7yGiQx8d4aW":{"3USD":0.3818774947,"TAI":6.750549595,"taiKSM":0.025314560981,"LKSM":0.21095467483000002,"KAR":1.1838162253000002},"5Equ6c29s9LD7QxAJMhyFNniU4vS9LuG4djXyWPgndu1Fuyz":{"3USD":39.155796769999995,"TAI":702.8201074,"taiKSM":2.6355754030000003,"LKSM":21.96312836,"KAR":175.70502686},"5H1aLcNJkzVDQeRXtcJdVQSCXkUechCY1tmsNRCtaTQPYmbg":{"3USD":0.1871670375,"TAI":2.250354746,"taiKSM":0.008438830296,"LKSM":0.0703235858,"KAR":0.5625886864},"5GWQXH2Sw7fxhKiMuhBa44cxxy8j1NctCjDQiBdDAHcaw4P3":{"3USD":1.4940436913,"TAI":29.743345746000003,"taiKSM":0.11153754655,"LKSM":0.9294795546000001,"KAR":7.435836437700001},"5HYH1zVDPdszvwKUjDKs11HLgzFT1X6d4ho94BUmJTxqyDSw":{"3USD":26.966868401,"TAI":516.91437652,"taiKSM":1.9384289116,"LKSM":16.153574268,"KAR":129.22859409999998},"5EFicbRUuWGorzQzkzCgFQtVYigPb2yrhQDAVJrF7mqRXEuD":{"3USD":83.205609517,"TAI":1563.9895852,"taiKSM":5.864960945,"LKSM":48.874674533,"KAR":360.50392280000005},"5GTz97KnawgGMTZVBPGFZZj6AVMoYy6GXMkNRNPH7s9tRBdT":{"3USD":1.3662317478000001,"TAI":23.940529841,"taiKSM":0.0897769869,"LKSM":0.7481415575,"KAR":5.985132460999999},"5GEvXCzvKcpYbDbBYwyR36rpAS6a4CottpBkS8RZ5sRWwoFi":{"3USD":8.316762939,"TAI":145.35089432,"taiKSM":0.54506585383,"LKSM":4.5422154491,"KAR":36.337723589},"5E2DPqokRg2XSyu7EcnN2nd34gSDvqnNaVrPMkFtRgX1HVCf":{"3USD":6.134084661999999,"TAI":114.98983372000001,"taiKSM":0.4312118765,"LKSM":3.593432304,"KAR":28.747458432},"5EHQ1C8sZTSLEZ5Ao2yZtZ5d2khvtEshbs5aCNANt28a5zMJ":{"3USD":6.3321791780000005,"TAI":113.78322766,"taiKSM":0.42668710375999996,"LKSM":3.5557258642,"KAR":28.445806911},"5Hq41GACzMNR6qupzZdMPsnBFg4wSovv9qJuTZAN8aSwN44z":{"3USD":2.98589224846,"TAI":61.31447617,"taiKSM":0.229929285641,"LKSM":1.91607738063,"KAR":15.3286190394},"5E2AnJctXaKKggX9u2Nnwsqpzw8sYxcK3U521xMqVDZHrsBx":{"3USD":10.995295886000001,"TAI":173.11748907999998,"taiKSM":0.649190584,"LKSM":5.409921533,"KAR":43.279372269999996},"5DnWLHUmR3BKnYN6vBPqHa2YcDsHoTgrFMtQPPhvvNr9xWhM":{"3USD":2.0147644473,"TAI":37.318156372,"taiKSM":0.1399430864,"LKSM":1.1661923866000001,"KAR":9.329539094000001},"5G7HmJ1T8QPwB617axKgCeiwCPk7WiqqB41KrhKV8fWy3Q8V":{"3USD":329.73300355999993,"TAI":7305.4590711,"taiKSM":27.395471518,"LKSM":228.29559597,"KAR":1826.3647678000002},"5CXvrq3GHgsXopmTtCGzhtkLRkEEwtgfyhaFXnskJE8YTyXZ":{"3USD":5.6239638549999995,"TAI":100.93569118,"taiKSM":0.37850884193,"LKSM":3.1542403490999997,"KAR":25.233922799},"5CPrZzBsYP8w3Fj58YoJQFE5bKaE5Gb5tf4EWubzM8LvPNcx":{"3USD":127.617761212,"TAI":2439.8629583,"taiKSM":9.149486093299998,"LKSM":76.24571744599999,"KAR":609.96573956},"5GZawrcGKpu9BQ8WjG9s9LZnAbJSgbVgrNedCDYgoz5RH2aX":{"3USD":15.863278476000001,"TAI":272.86910147,"taiKSM":1.0232591305,"LKSM":8.527159422,"KAR":68.21727536},"5CDpfudsfCWbFHRtGnYWaVxjX581gtTD9ZJoTYHkPXNJFTX3":{"3USD":2.08326816074,"TAI":38.985273622,"taiKSM":0.1461947761,"LKSM":1.21828980066,"KAR":9.7463184065},"5G9Es892oATpPDnfGgGFS5McvYnjZpUVdVq9sfcwMVMTtNZC":{"3USD":68.08429451399999,"TAI":1341.601917,"taiKSM":5.031007188999999,"LKSM":41.925059901,"KAR":287.73216703},"5Df86iGeKgZWNbF3ZSQuxLH2gT8rMP59QkZeuuxFmPFHL9dQ":{"3USD":4.193987080099999,"TAI":77.218304644,"taiKSM":0.28956864247,"LKSM":2.4130720201,"KAR":19.30457616},